date,open,close,high,low,volume,amount
2025-07-04,86.0,85.8,87.2,84.86,252257,2166412311.0
2025-07-07,85.69,85.48,86.86,85.37,135349,1162397568.0
2025-07-08,85.49,86.74,86.85,85.18,217668,1876172230.0
2025-07-09,86.65,85.85,86.86,85.52,183102,1578143686.0
2025-07-10,85.61,85.67,86.17,85.5,175639,1506706468.0
2025-07-11,85.7,88.16,89.34,85.4,469922,4128335550.0
2025-07-14,88.3,87.52,88.49,87.47,189831,1667925619.0
2025-07-15,87.15,87.89,87.95,86.61,206173,1800356659.0
2025-07-16,87.73,87.12,88.2,86.77,196708,1720548788.0
2025-07-17,87.06,88.79,89.0,86.32,287922,2535637954.0
2025-07-18,88.75,88.51,89.13,87.93,219959,1948101635.0
2025-07-21,88.45,89.02,89.52,88.04,222719,1983498560.0
2025-07-22,88.7,89.08,90.55,88.5,297420,2662984479.0
2025-07-23,88.9,89.39,90.19,88.3,316549,2831683379.0
2025-07-24,89.1,91.75,92.9,89.0,522324,4779308503.0
2025-07-25,91.74,93.47,93.68,90.99,442124,4076414682.0
2025-07-28,93.64,92.18,93.69,91.96,342640,3167887757.0
2025-07-29,92.0,92.17,92.63,90.81,294142,2699803673.0
2025-07-30,91.7,90.36,91.83,89.74,310018,2815721986.0
2025-07-31,90.32,89.5,92.75,89.46,461988,4187082774.0
2025-08-01,89.2,88.29,90.33,88.02,274140,2439842712.0
2025-08-04,87.95,90.07,90.63,87.88,286057,2568808038.0
2025-08-05,89.85,90.0,90.58,89.58,195679,1761818589.0
2025-08-06,89.86,90.78,91.0,89.53,267797,2418543090.0
2025-08-07,90.7,90.59,91.7,89.75,315259,2859638850.0
2025-08-08,88.0,86.66,88.5,86.66,584730,5098977106.0
2025-08-11,86.69,86.96,87.18,86.22,279193,2423559078.0
2025-08-12,86.95,88.52,90.1,86.42,551552,4870773398.0
2025-08-13,88.01,88.66,89.23,88.0,384304,3405728487.0
2025-08-14,88.69,89.46,92.58,88.69,741492,6741604128.0
2025-08-15,89.0,91.84,93.3,88.48,690499,6288369530.0
2025-08-18,93.5,92.31,95.17,91.36,833423,7749849746.0
2025-08-19,91.67,89.35,92.48,89.35,744652,6762914098.0
2025-08-20,89.4,92.28,92.49,88.19,858745,7756060795.0
2025-08-21,92.3,91.05,94.11,90.8,606826,5593619618.0
2025-08-22,92.5,103.97,105.0,92.42,2061948,20322967700.0
2025-08-25,106.0,103.17,109.24,101.1,1760636,18348502386.0
2025-08-26,101.0,100.93,102.57,100.13,856074,8663988281.0
2025-08-27,102.2,101.51,106.69,100.59,1422620,14762335293.0
2025-08-28,102.0,119.22,119.22,101.99,2420325,27118768322.0
2025-08-29,114.0,114.76,116.0,112.26,1639670,18711478532.0
2025-09-09,102.0,102.99,108.65,101.2,1574695,16482005030.0
2025-09-10,103.0,103.91,105.96,102.13,1039925,10822524036.0
2025-09-11,102.62,110.28,112.8,99.98,1467501,15776091423.0
2025-09-12,109.28,108.42,112.49,108.01,1159022,12730296246.0
2025-09-15,110.55,108.66,112.55,107.5,946836,10395575384.0
2025-09-16,109.0,109.78,111.86,108.09,866259,9501062259.0
2025-09-17,110.8,117.39,120.8,109.8,1528475,17861084416.0
2025-09-18,119.98,122.15,127.49,116.35,1931567,23495279107.0
2025-09-19,123.0,121.34,127.4,120.11,1449106,17943778048.0
2025-09-22,120.54,128.92,129.83,119.05,1588281,19858613711.0
2025-09-23,127.64,128.51,129.33,122.63,1441273,18120121818.0
2025-09-24,126.88,134.98,137.98,126.23,1460947,19497523266.0
2025-09-25,133.0,134.11,137.8,132.31,1032583,13953307668.0
2025-09-26,132.71,132.27,135.95,131.2,912445,12181639386.0
2025-09-29,131.0,136.02,136.02,129.16,1027207,13627566349.0
2025-09-30,138.5,140.13,142.0,136.6,986229,13794113059.0
2025-10-09,144.0,138.91,153.0,137.0,1662841,24249284345.0
2025-10-10,134.87,127.95,134.94,127.17,1617420,21074152020.0
2025-10-13,126.0,136.47,136.48,126.0,1402994,18642587057.0
2025-10-14,136.96,127.2,137.8,125.8,1321004,17321652001.0
2025-10-15,127.18,129.56,129.73,124.6,807987,10284318328.0
2025-10-16,127.8,127.3,130.28,126.6,612310,7841134057.0
2025-10-17,126.85,121.98,127.32,120.87,820528,10097285540.0
2025-10-20,124.1,122.63,125.18,121.69,571239,7060333630.0
2025-10-21,123.8,127.19,127.85,122.61,784150,9888217346.0
2025-10-22,125.42,126.81,129.27,123.81,653954,8265031817.0
2025-10-23,125.18,128.3,128.5,124.01,634264,8038110025.0
2025-10-24,130.3,134.06,134.8,128.9,1024466,13548726657.0
2025-10-27,137.5,134.5,137.5,132.3,1012643,13623206912.0
2025-10-28,133.0,132.69,135.8,132.0,695189,9299045972.0
2025-10-29,132.0,133.0,134.53,130.31,688460,9111437510.0
2025-10-30,133.0,128.55,133.0,128.51,692863,9018982748.0
2025-10-31,128.03,124.18,128.7,124.18,691668,8692098673.0
2025-11-03,122.0,120.21,122.6,117.55,747709,8940382093.0
2025-11-04,121.0,119.88,122.66,119.0,477384,5770504489.0
2025-11-05,116.9,119.78,121.1,116.5,485016,5753269424.0
2025-11-06,121.9,124.85,125.99,121.05,731507,9060521121.0
2025-11-07,122.93,122.11,124.18,122.05,382292,4694221497.0
2025-11-10,122.13,120.01,122.95,118.76,395832,4749065264.0
2025-11-11,120.6,117.73,121.47,117.53,342530,4073862296.0
2025-11-12,117.0,119.63,119.8,115.74,457015,5405408039.0
2025-11-13,118.99,123.1,123.33,117.8,549888,6638319087.0
2025-11-14,123.0,118.18,125.5,117.89,775293,9432871553.0
2025-11-17,116.82,117.63,119.29,116.51,421773,4961789944.0
2025-11-18,117.5,117.96,120.18,117.13,473915,5629538134.0
2025-11-19,117.99,116.28,118.49,115.51,415119,4848790041.0
2025-11-20,117.99,116.78,118.29,116.46,344702,4045624435.0
2025-11-21,113.86,113.0,116.08,113.0,461358,5264860634.0
2025-11-24,112.99,111.51,113.5,108.18,557908,6159093355.0
2025-11-25,112.5,111.68,113.96,111.37,407223,4584278768.0
2025-11-26,110.7,112.71,113.9,110.61,419553,4731195304.0
2025-11-27,113.8,112.71,116.8,112.56,523431,6012840143.0
2025-11-28,112.71,113.6,114.11,111.4,308663,3486790036.0
2025-12-01,113.4,114.4,114.68,112.6,327640,3724984486.0
2025-12-02,114.1,113.0,114.19,112.7,237771,2694922636.0
2025-12-03,112.8,111.62,113.69,111.13,245413,2756774410.0
2025-12-04,111.65,114.73,114.73,110.98,387551,4392462735.0
2025-12-05,114.0,114.18,114.88,112.5,352653,4015690336.0
2025-12-08,114.21,117.2,118.0,114.18,508359,5945081548.0
2025-12-09,115.58,116.32,117.9,115.51,371384,4333826426.0
2025-12-10,115.58,116.31,116.59,113.44,315714,3624511935.0
2025-12-11,116.53,113.61,117.14,113.5,303108,3488207042.0
2025-12-12,113.61,116.8,117.42,111.6,584998,6734945965.0
2025-12-15,115.15,113.01,116.5,113.0,342417,3933791146.0
2025-12-16,112.5,110.7,113.35,110.27,323379,3605859884.0
2025-12-17,110.82,113.29,113.9,110.13,343892,3848931232.0
2025-12-18,112.8,112.8,115.72,112.75,314700,3583327202.0
2025-12-19,113.2,113.63,115.48,113.0,272612,3107493842.0
2025-12-22,114.6,120.45,121.44,114.6,810113,9622360396.0
2025-12-23,120.5,119.9,121.58,119.02,483601,5823920043.0
2025-12-24,122.5,123.41,124.38,121.11,629560,7744549160.0
2025-12-25,123.0,123.08,125.99,122.66,471809,5854142202.0
2025-12-26,122.58,122.1,124.79,121.16,402397,4938389580.0
2025-12-29,123.0,122.5,125.65,122.02,506831,6280270177.0
2025-12-30,124.45,125.28,126.69,124.0,604958,7582347029.0
2025-12-31,125.99,122.83,126.2,122.4,411586,5082728445.0
2026-01-05,126.84,129.95,130.17,126.2,911394,11742866839.0
2026-01-06,129.0,131.84,134.2,128.77,730696,9623978218.0
2026-01-07,131.84,129.98,132.82,128.85,598040,7783876099.0
2026-01-08,128.95,130.15,134.68,128.91,616918,8145423327.0
2026-01-09,129.15,128.88,130.01,127.77,511274,6581947276.0
2026-01-12,128.52,127.66,129.62,126.68,563935,7202156993.0
2026-01-13,127.49,123.63,128.15,122.86,652072,8154109676.0
2026-01-14,123.51,124.49,127.6,123.5,649683,8155390623.0
2026-01-15,123.49,124.44,125.5,122.33,556604,6895087600.0
2026-01-16,127.5,126.99,128.82,124.88,756512,9597582828.0
2026-01-19,127.05,125.29,128.5,125.12,477537,6024303737.0
2026-01-20,125.0,122.18,125.5,121.81,508693,6261665024.0
2026-01-21,120.93,127.19,128.89,120.58,970525,12294760582.0
2026-01-22,128.98,126.8,130.82,125.57,648094,8268996067.0
2026-01-23,126.8,124.96,127.37,124.03,490631,6130483631.0
2026-01-26,124.01,121.92,125.88,121.9,502566,6184618809.0
2026-01-27,122.0,124.05,125.74,119.22,655261,8023170134.0
2026-01-28,124.99,128.55,128.99,124.99,994583,12644229527.0
2026-01-29,127.6,122.4,127.81,122.16,715649,8897091559.0
2026-01-30,121.33,122.97,124.94,120.07,527719,6468951529.0
2026-02-02,121.4,117.06,122.59,116.8,596690,7104970929.0
2026-02-03,118.69,116.03,118.84,113.46,561769,6500024016.0
2026-02-04,114.5,114.84,114.99,113.15,351393,4005035637.0
2026-02-05,112.99,111.8,114.5,110.39,446447,4982588635.0
2026-02-06,110.14,112.7,114.6,110.14,408226,4597784625.0
2026-02-09,114.8,114.93,115.07,113.7,321018,3676020764.0
2026-02-10,115.2,116.2,116.9,114.85,340436,3949080646.0
2026-02-11,114.0,115.01,116.14,113.5,345336,3955491126.0
2026-02-12,115.55,116.58,117.18,115.11,333622,3880738366.0
2026-02-13,116.23,116.93,117.98,115.56,343687,4020570460.0
2026-02-24,118.03,115.82,118.18,115.62,276155,3217730655.0
2026-02-25,117.0,116.13,117.5,115.85,275528,3214693555.0
2026-02-26,116.13,116.65,117.23,114.29,327021,3787597479.0
2026-02-27,115.03,115.0,115.87,114.32,279308,3213704146.0
2026-03-02,112.88,112.53,114.2,112.3,349784,3952733063.0
2026-03-03,113.23,108.31,114.75,107.69,540987,5976584863.0
2026-03-04,107.32,106.69,109.7,106.12,322749,3470640119.0
2026-03-05,108.6,106.9,109.26,106.09,353531,3803229096.0
2026-03-06,107.0,106.5,108.34,106.17,340486,3648254394.0
2026-03-09,103.97,105.14,105.79,101.63,393559,4065897450.0
2026-03-10,106.9,107.28,107.75,105.7,318321,3400130457.0
2026-03-11,107.23,107.1,108.8,107.0,279982,3016803608.0
2026-03-12,107.0,106.01,108.55,104.95,288819,3075181737.0
2026-03-13,105.02,107.06,107.83,104.5,341633,3642164903.0
2026-03-16,106.31,108.6,110.32,105.5,422554,4559220659.0
2026-03-17,108.54,106.02,108.58,105.99,295718,3173439587.0
2026-03-18,105.78,106.6,106.88,105.25,263345,2794678901.0
2026-03-19,105.01,105.96,107.69,104.51,378655,4001785717.0
2026-03-20,105.2,102.18,105.72,102.18,381294,3960183826.0
2026-03-23,100.01,98.04,101.99,97.4,506671,5040929175.0
2026-03-24,98.9,99.25,99.37,97.25,336803,3314641850.0
2026-03-25,99.67,99.99,100.94,99.28,321306,3215491219.0
2026-03-26,99.55,96.88,99.7,96.55,313198,3067688006.0
2026-03-27,96.0,97.5,98.39,95.87,280875,2738255865.0
2026-03-30,95.8,95.83,96.19,94.0,328870,3130020525.0
2026-03-31,95.8,94.05,97.4,94.0,293839,2809492923.0
2026-04-01,96.4,96.33,96.7,94.81,325648,3121615312.0
2026-04-02,95.5,93.2,95.79,92.51,293828,2760191974.0
2026-04-03,93.41,91.78,93.94,91.76,216461,2004261621.0
2026-04-07,91.5,95.62,96.99,91.2,458242,4340589110.0
2026-04-08,99.02,101.18,101.54,99.02,544697,5458085866.0
2026-04-09,99.4,99.72,101.2,99.2,310716,3111335889.0
2026-04-10,101.0,101.01,102.79,100.68,406305,4130861809.0
2026-04-13,99.85,100.64,102.8,99.72,351885,3554994262.0
2026-04-14,102.1,101.52,102.28,100.38,370910,3760621304.0
2026-04-15,102.05,103.91,106.1,101.8,704839,7336887912.0
2026-04-16,103.5,104.18,105.0,103.0,393721,4092706420.0
2026-04-17,103.82,105.23,107.3,103.27,503755,5313222520.0
2026-04-20,105.93,107.96,108.6,105.01,547702,5872447693.0
2026-04-21,107.33,107.46,108.15,105.68,372584,3976054595.0
2026-04-22,106.8,107.87,108.08,106.5,375216,4023321890.0
2026-04-23,108.88,105.98,109.12,105.2,441491,4724880091.0
2026-04-24,105.58,110.96,113.25,104.61,910703,9980491748.0
2026-04-27,113.25,116.58,117.69,112.6,970295,11249548325.0
2026-04-28,115.24,114.0,117.64,113.02,625007,7209850228.0
2026-04-29,113.35,112.47,113.82,109.78,514882,5750212698.0
2026-04-30,113.31,118.73,119.88,113.3,1018382,11911527206.0
2026-05-06,122.0,123.1,128.12,121.74,1292940,16176667799.0
2026-05-07,125.11,125.34,127.48,122.22,842774,10482928520.0
2026-05-08,122.9,120.31,123.19,120.05,708618,8595731864.0
2026-05-11,122.99,122.52,124.57,121.9,814859,10017304327.0
2026-05-12,124.44,121.98,125.44,120.0,817732,10018643228.0
2026-05-13,119.0,121.86,122.5,116.04,954951,11374279337.0
2026-05-14,121.92,117.9,124.04,117.0,790650,9451219953.0
2026-05-15,121.0,119.02,125.0,118.48,1328100,16152497227.0
2026-05-18,117.4,117.62,120.34,115.6,748969,8855418364.0
2026-05-19,116.16,118.82,118.88,112.68,840269,9713877346.0
2026-05-20,118.0,133.81,136.63,117.5,2248800,28996720135.0
2026-05-21,134.0,127.22,137.63,127.1,1546776,20601829525.0
2026-05-22,129.33,131.33,132.18,126.5,1199477,15516843653.0
2026-05-25,136.0,156.0,157.6,136.0,2521802,37253708024.0
2026-05-26,150.73,149.18,154.44,145.5,1799242,26787296677.0
2026-05-27,150.0,146.22,153.52,145.0,1234983,18473692356.0
2026-05-28,146.0,153.7,159.05,146.0,1608231,24822318598.0
2026-05-29,150.92,139.91,152.38,138.49,1536812,22138462395.0
2026-06-01,139.76,132.44,140.8,132.04,1008849,13645017172.0
2026-06-02,132.98,132.48,135.5,129.3,923688,12256037221.0
2026-06-03,132.0,134.0,138.75,131.85,992127,13487781965.0
2026-06-04,131.0,134.88,137.57,130.0,778526,10493292686.0
2026-06-05,131.0,127.4,134.75,126.7,934574,12150117807.0
2026-06-08,120.0,121.92,124.28,120.0,781225,9545783582.0
2026-06-09,123.5,127.3,128.03,120.89,769662,9607775526.0
2026-06-10,125.0,125.34,131.18,124.5,669094,8511488618.0
2026-06-11,124.0,127.4,129.08,123.01,626275,7935636355.0
2026-06-12,131.64,124.88,134.87,124.37,817437,10575818607.0
2026-06-15,128.59,130.52,131.0,124.89,728604,9404695623.0
2026-06-16,131.0,130.14,134.34,127.93,745583,9738547521.0
2026-06-17,127.91,134.7,134.88,126.68,963562,12699097858.0
2026-06-18,136.11,140.7,144.63,132.88,1244937,17289251566.0
2026-06-22,140.78,145.59,148.0,140.0,1060960,15251149626.0
2026-06-23,143.58,141.7,148.3,139.6,918201,13211881994.0
2026-06-24,141.5,151.53,156.35,141.32,1411623,21160854009.0
2026-06-25,152.0,156.86,158.66,151.0,1186102,18470621628.0
2026-06-26,153.7,148.76,156.22,146.5,1076155,16171921139.0
2026-06-29,147.8,151.0,152.99,141.0,1027401,15158412010.0
2026-06-30,152.05,158.82,160.66,150.0,1066795,16679545014.0
2026-07-01,160.19,154.48,166.88,152.31,1146777,18327904135.0
2026-07-02,146.5,144.1,151.69,141.26,949023,13942694264.0
2026-07-03,144.89,140.31,146.45,140.2,770411,11011795924.0
