trade_date,open,high,low,close,vol,amount,rsi,ema12,ema26,dif,dea,macd_bar,bb_ma,bb_std,bb_upper,bb_lower,bb_bw,bb_pctb,tr,atr
2025-07-04,119.19,120.3,117.51,118.85,141826.95,1683622.173,,,,,,,,,,,,,2.79,
2025-07-07,118.98,120.81,117.86,120.81,114584.95,1370153.527,,,,,,,,,,,,,2.95,
2025-07-08,123.0,123.5,121.01,121.71,151877.86,1854823.191,,,,,,,,,,,,,2.69,
2025-07-09,120.91,120.99,119.29,119.47,126056.42,1512241.902,,,,,,,,,,,,,2.42,
2025-07-10,119.02,119.87,118.04,118.06,111583.31,1322615.181,,,,,,,,,,,,,1.83,
2025-07-11,117.9,119.1,117.37,118.36,129774.02,1537067.954,,,,,,,,,,,,,1.73,
2025-07-14,118.61,119.2,117.46,117.59,112791.53,1331566.268,,,,,,,,,,,,,1.74,
2025-07-15,117.1,117.56,114.0,115.0,236202.59,2718281.579,,,,,,,,,,,,,3.59,
2025-07-16,115.0,116.4,114.0,114.24,158742.83,1826208.291,,,,,,,,,,,,,2.4,
2025-07-17,114.05,118.19,113.82,117.99,241275.42,2805867.152,,,,,,,,,,,,,4.37,
2025-07-18,117.86,120.3,116.23,117.16,203233.08,2391314.587,,,,,,,,,,,,,4.07,
2025-07-21,116.82,117.53,115.4,117.11,115943.94,1350683.002,,118.0292,,,,,,,,,,,2.13,
2025-07-22,116.97,117.33,115.8,115.87,143927.33,1672922.189,,117.697,,,,,,,,,,,1.53,
2025-07-23,115.77,118.36,115.5,116.99,149110.76,1741699.657,,117.5882,,,,,,,,,,,2.86,2.65
2025-07-24,116.6,118.0,115.14,117.89,172253.98,2011696.442,47.4495,117.6346,,,,,,,,,,,2.86,2.678
2025-07-25,117.9,122.0,117.9,121.94,356933.76,4286282.667,52.7021,118.297,,,,,,,,,,,4.11,2.8689
2025-07-28,122.0,122.2,119.71,120.26,191011.97,2302878.681,46.6574,118.599,,,,,,,,,,,2.49,2.8184
2025-07-29,120.0,121.5,119.4,120.28,169940.65,2042850.877,52.0801,118.8576,,,,,,,,,,,2.1,2.7226
2025-07-30,124.06,129.67,123.31,123.99,472987.44,5957278.63,63.6197,119.6472,,,,,,,,,,,9.39,3.6116
2025-07-31,121.0,126.8,120.28,121.13,308747.73,3788904.668,55.6926,119.8753,,,,,118.735,2.4682,123.6715,113.7985,0.0832,0.7426,6.52,3.9994
2025-08-01,120.5,122.1,117.09,117.31,247813.48,2946052.922,49.4887,119.4807,,,,,118.658,2.4884,123.6348,113.6812,0.0839,0.3646,5.01,4.1341
2025-08-04,116.3,120.2,116.3,118.84,160782.64,1902328.181,57.2948,119.3821,,,,,118.5595,2.4372,123.4339,113.6851,0.0822,0.5288,3.9,4.1029
2025-08-05,119.0,119.3,117.3,118.0,124850.55,1471568.918,57.1212,119.1695,,,,,118.374,2.3233,123.0206,113.7274,0.0785,0.4598,2.0,3.8225
2025-08-06,118.0,118.65,117.01,118.28,114485.67,1349530.061,50.6324,119.0326,,,,,118.3145,2.309,122.9324,113.6966,0.0781,0.4963,1.64,3.5315
2025-08-07,117.98,119.2,117.32,117.67,169940.88,2007916.589,51.1229,118.823,,,,,118.295,2.3129,122.9207,113.6693,0.0782,0.4324,1.88,3.3113
2025-08-08,117.68,117.68,116.4,116.4,121513.0,1418055.203,48.5165,118.4502,118.5077,-0.0575,,,118.197,2.3512,122.8993,113.4947,0.0796,0.3089,1.28,3.0405
2025-08-11,116.79,118.5,116.48,117.95,127981.73,1508912.168,54.2904,118.3733,118.4664,-0.0931,,,118.215,2.3477,122.9103,113.5197,0.0794,0.4718,2.1,2.9151
2025-08-12,118.31,121.5,117.6,120.47,252756.18,3025712.891,56.7863,118.6958,118.6148,0.081,,,118.4885,2.2708,123.03,113.947,0.0767,0.7182,3.9,3.0464
2025-08-13,120.49,123.0,119.94,121.46,240986.54,2925464.097,56.9374,119.1211,118.8256,0.2955,,,118.8495,2.1293,123.1081,114.5909,0.0717,0.8065,3.06,3.0482
2025-08-14,121.7,125.49,120.55,121.01,314003.25,3865198.49,47.8988,119.4117,118.9874,0.4243,,,119.0005,2.1718,123.3441,114.6569,0.073,0.7313,4.94,3.3005
2025-08-15,120.01,123.5,120.01,122.9,211500.22,2590294.402,55.9087,119.9484,119.2772,0.6712,,,119.2875,2.2917,123.871,114.704,0.0768,0.8941,3.49,3.3257
2025-08-18,123.33,127.98,121.51,125.7,328498.52,4106567.032,60.7882,120.8332,119.753,1.0803,,,119.717,2.6406,124.9981,114.4359,0.0882,1.0665,6.47,3.745
2025-08-19,125.48,128.88,122.85,123.26,323175.2,4046363.006,48.4696,121.2066,120.0127,1.1938,,,120.0865,2.5905,125.2675,114.9055,0.0863,0.8063,6.03,4.0496
2025-08-20,123.0,127.25,122.01,127.01,359897.59,4494071.401,61.8836,122.0994,120.5311,1.5684,0.5738,1.9892,120.5875,2.9094,126.4063,114.7687,0.0965,1.0519,5.24,4.2084
2025-08-21,132.09,139.71,132.09,137.16,858971.49,11832481.427,81.944,124.4164,121.7628,2.6536,0.9897,3.3277,121.551,4.6432,130.8375,112.2645,0.1528,1.3404,12.7,5.3406
2025-08-22,135.12,150.88,135.08,150.88,780790.54,11210984.976,87.0319,128.4877,123.9197,4.5681,1.7054,5.7254,122.998,8.0387,139.0754,106.9206,0.2614,1.3671,15.8,6.7352
2025-08-25,159.0,163.5,152.88,157.8,836197.6,13172131.297,90.3324,132.9973,126.4293,6.568,2.6779,7.7802,124.875,11.1474,147.1697,102.5803,0.3571,1.2384,12.62,7.5198
2025-08-26,157.8,157.8,152.62,154.4,382253.32,5917649.65,84.4262,136.29,128.5012,7.7888,3.7001,8.1774,126.581,12.8829,152.3468,100.8152,0.4071,1.0398,5.18,7.2078
2025-08-27,155.87,168.5,152.18,158.63,623810.58,10014123.48,86.5193,139.727,130.733,8.994,4.7589,8.4702,128.313,14.7146,157.7421,98.8839,0.4587,1.0151,16.32,8.4228
2025-08-28,161.0,165.8,159.01,164.45,494328.31,8027959.133,89.6256,143.5305,133.2305,10.3,5.8671,8.8657,130.479,16.6612,163.8014,97.1566,0.5108,1.0097,7.17,8.2557
2025-08-29,161.8,162.0,156.4,158.98,398005.86,6325048.099,81.7816,145.9073,135.1379,10.7695,6.8476,7.8438,132.5625,17.5115,167.5854,97.5396,0.5284,0.8771,8.05,8.2283
2025-09-01,164.11,174.88,157.0,174.88,612797.12,10223340.506,84.9095,150.3647,138.0818,12.2829,7.9346,8.6966,135.3645,19.5634,174.4913,96.2377,0.5781,1.005,17.88,9.5152
2025-09-02,179.28,188.0,173.05,176.0,762852.37,13736024.58,84.9347,154.3086,140.8905,13.4181,9.0313,8.7735,138.2645,21.0929,180.4504,96.0786,0.6102,0.9473,14.95,10.2398
2025-09-03,176.26,177.73,168.55,171.09,441275.98,7587032.736,80.3442,156.8903,143.1275,13.7628,9.9776,7.5704,140.905,21.7546,184.4143,97.3957,0.6176,0.8469,9.18,10.0985
2025-09-04,169.0,171.07,153.98,153.98,454980.53,7284233.85,65.8993,156.4426,143.9314,12.5112,10.4843,4.0537,142.7205,21.2221,185.1647,100.2763,0.5948,0.6326,17.11,11.0334
2025-09-05,150.0,163.99,145.8,159.56,699487.7,10700137.153,66.8424,156.9222,145.0891,11.8331,10.7541,2.158,144.8785,20.5898,186.0581,103.6989,0.5685,0.6783,18.19,11.9876
2025-09-08,161.93,169.0,159.15,163.83,523714.75,8602671.849,69.8192,157.9849,146.4773,11.5076,10.9048,1.2057,147.1725,19.9784,187.1293,107.2157,0.543,0.7084,9.85,11.7026
2025-09-09,161.0,162.8,154.62,157.15,327320.34,5191824.525,64.3142,157.8565,147.2679,10.5886,10.8416,-0.5059,149.0065,19.0607,187.1278,110.8852,0.5117,0.6068,9.21,11.3702
2025-09-10,157.14,163.25,155.7,161.29,334656.97,5358368.655,62.1537,158.3847,148.3065,10.0782,10.6889,-1.2214,150.998,18.087,187.1719,114.8241,0.4791,0.6423,7.55,10.8609
2025-09-11,161.26,177.42,160.0,177.42,554423.95,9422962.073,63.0507,161.3132,150.4631,10.8501,10.7211,0.258,153.8185,17.555,188.9284,118.7086,0.4565,0.8361,17.42,11.7354
2025-09-12,179.99,195.16,177.5,190.21,710357.04,13432520.618,65.0674,165.7589,153.4073,12.3516,11.0472,2.6087,157.184,17.7663,192.7167,121.6513,0.4521,0.9647,17.74,12.536
2025-09-15,193.51,194.5,186.62,190.94,495483.07,9469855.424,67.4199,169.6329,156.1875,13.4454,11.5269,3.8371,160.446,17.6704,195.7868,125.1052,0.4405,0.9314,7.88,11.9152
2025-09-16,189.0,196.8,186.89,189.16,408562.21,7810240.314,64.9029,172.6371,158.6299,14.0072,12.0229,3.9685,163.741,16.4751,196.6913,130.7907,0.4025,0.8857,9.91,11.6479
2025-09-17,188.99,192.58,182.97,186.6,339245.37,6358605.811,61.1677,174.7852,160.7018,14.0834,12.435,3.2968,166.7205,14.7844,196.2893,137.1517,0.3547,0.8362,9.61,11.3762
2025-09-18,189.39,200.85,186.8,190.88,590410.52,11381851.203,66.2788,177.2613,162.9372,14.3241,12.8128,3.0226,169.4065,13.9898,197.3861,141.4269,0.3303,0.8837,14.25,11.7593
2025-09-19,194.31,195.88,184.91,185.2,371918.21,7051277.593,55.8797,178.4827,164.5863,13.8964,13.0295,1.7336,171.1225,13.6996,198.5216,143.7234,0.3202,0.7569,10.97,11.6541
2025-09-22,188.88,198.09,186.28,195.01,411977.69,8002507.023,59.8548,181.0253,166.8399,14.1854,13.2607,1.8494,172.983,14.3082,201.5994,144.3666,0.3309,0.8849,12.89,11.8189
2025-09-23,196.0,201.59,188.69,194.07,399945.66,7780830.608,62.4243,183.0322,168.8569,14.1753,13.4436,1.4633,174.9665,14.3461,203.6588,146.2742,0.328,0.8329,12.9,11.963
2025-09-24,194.6,208.23,193.0,199.8,507020.69,10165505.184,78.2491,185.6119,171.149,14.4628,13.6475,1.6307,177.025,14.8244,206.6738,147.3762,0.335,0.8841,15.23,12.3986
2025-09-25,199.0,204.5,193.1,197.41,404275.91,8001322.068,74.2908,187.427,173.0943,14.3327,13.7845,1.0963,178.673,15.1807,209.0343,148.3117,0.3399,0.8086,11.4,12.2655
2025-09-26,196.01,206.02,190.21,190.21,435200.85,8650850.074,66.3162,187.8551,174.3621,13.493,13.7262,-0.4664,180.2345,14.6451,209.5247,150.9443,0.325,0.6703,15.81,12.7381
2025-09-29,196.5,203.63,195.1,197.13,434877.98,8628937.828,74.6547,189.282,176.0486,13.2334,13.6277,-0.7885,181.347,15.0563,211.4596,151.2344,0.3321,0.7621,13.42,12.829
2025-09-30,204.34,216.84,203.0,213.3,597864.99,12672064.936,77.9293,192.9771,178.808,14.1691,13.7359,0.8663,183.212,16.591,216.3941,150.0299,0.3622,0.9534,19.71,13.7465
2025-10-09,222.0,234.63,218.6,225.49,585389.77,13293421.697,76.9541,197.9791,182.2659,15.7132,14.1314,3.1636,185.932,18.81,223.552,148.312,0.4047,1.0258,21.33,14.7576
2025-10-10,225.5,230.5,212.12,215.02,443030.98,9636636.022,64.2832,200.6008,184.6921,15.9086,14.4868,2.8436,188.984,18.2978,225.5796,152.3884,0.3873,0.8557,18.38,15.2406
2025-10-13,201.5,214.9,201.5,207.85,424815.14,8843113.207,59.0631,201.716,186.4075,15.3085,14.6512,1.3147,191.3985,17.3735,226.1456,156.6514,0.3631,0.7367,13.52,15.0112
2025-10-14,215.45,220.53,193.0,196.0,522017.8,10762183.994,53.3088,200.8366,187.1181,13.7186,14.4646,-1.4922,193.007,16.1316,225.2702,160.7438,0.3343,0.5464,27.53,16.6804
2025-10-15,195.55,202.4,186.41,202.01,390442.31,7587280.731,57.2137,201.0172,188.2212,12.796,14.1309,-2.6699,195.25,13.8394,222.9289,167.5711,0.2835,0.6221,15.99,16.5883
2025-10-16,201.44,214.8,198.53,208.13,458666.18,9577597.463,57.9383,202.1114,189.6959,12.4155,13.7878,-2.7446,197.592,11.5667,220.7254,174.4586,0.2342,0.7278,16.27,16.5459
2025-10-17,208.12,211.5,201.0,201.21,329357.84,6777034.048,57.2846,201.9728,190.5488,11.4239,13.3151,-3.7822,198.7815,10.5627,219.907,177.656,0.2125,0.5575,10.5,15.7398
2025-10-20,207.73,215.0,203.03,208.35,367244.06,7696246.687,56.2209,202.9539,191.8674,11.0865,12.8693,-3.5658,199.6885,10.5668,220.8221,178.5549,0.2117,0.7049,13.79,15.4798
2025-10-21,211.0,222.0,209.66,219.01,405117.22,8794154.72,60.6636,205.424,193.878,11.5461,12.6047,-2.1172,201.092,11.1895,223.4709,178.7131,0.2226,0.9003,13.65,15.2358
2025-10-22,214.0,214.0,205.3,210.93,371829.52,7766034.297,54.6651,206.2711,195.1411,11.13,12.3097,-2.3595,202.1805,11.0253,224.2312,180.1298,0.2181,0.6984,13.71,15.0324
2025-10-23,205.98,208.1,200.39,206.96,274058.48,5585482.986,53.9505,206.3771,196.0166,10.3605,11.9199,-3.1188,203.1985,10.4352,224.0688,182.3282,0.2054,0.5901,10.54,14.4334
2025-10-24,214.0,221.88,212.0,221.08,450618.12,9805113.356,62.0784,208.6391,197.8731,10.766,11.6891,-1.8463,204.7085,10.7394,226.1873,183.2297,0.2098,0.8811,14.92,14.4983
2025-10-27,230.0,243.19,222.83,243.19,520916.18,12070372.38,66.1071,213.9546,201.2299,12.7247,11.8962,1.6569,207.608,12.8216,233.2512,181.9648,0.247,1.1938,22.11,15.5132
2025-10-28,236.5,254.44,234.58,246.95,527296.42,12909959.81,62.8858,219.0308,204.6166,14.4142,12.3998,4.0288,210.205,15.179,240.5631,179.8469,0.2888,1.1052,19.86,16.0927
2025-10-29,246.96,252.63,236.0,241.15,503744.63,12221563.111,56.3054,222.4338,207.3228,15.111,12.9421,4.3379,212.559,16.1638,244.8866,180.2314,0.3042,0.9422,16.63,16.1644
2025-10-30,246.24,247.0,231.78,232.0,433654.43,10345840.392,56.9103,223.9055,209.1507,14.7548,13.3046,2.9004,214.169,16.4275,247.0241,181.3139,0.3068,0.7714,15.22,16.0385
2025-10-31,231.0,234.68,216.0,220.0,492428.82,10882575.346,54.7576,223.3047,209.9544,13.3503,13.3137,0.0731,215.2985,15.9852,247.269,183.328,0.297,0.5735,18.68,16.3907
2025-11-03,217.0,230.68,216.66,230.1,462613.49,10367480.649,63.5382,224.3501,211.4466,12.9035,13.2317,-0.6565,217.293,15.1573,247.6076,186.9784,0.279,0.7112,14.02,16.0746
2025-11-04,231.0,231.22,222.5,224.99,293367.81,6624358.513,59.1891,224.4485,212.4499,11.9987,12.9851,-1.9728,218.686,14.4714,247.6288,189.7432,0.2647,0.6089,8.72,15.094
2025-11-05,213.0,220.49,210.95,218.39,335131.45,7203205.727,54.087,223.5165,212.8899,10.6266,12.5134,-3.7736,218.9405,14.4164,247.7732,190.1078,0.2634,0.4905,14.04,14.9534
2025-11-06,224.5,228.0,222.25,227.2,343346.7,7753801.39,60.1994,224.0832,213.9499,10.1333,12.0374,-3.8082,219.026,14.4622,247.9505,190.1015,0.2641,0.6413,9.61,14.241
2025-11-07,222.68,227.89,219.55,220.95,278989.18,6232949.914,54.9794,223.6011,214.4684,9.1327,11.4564,-4.6474,219.3225,14.4365,248.1956,190.4494,0.2633,0.5282,8.34,13.4542
2025-11-10,228.49,231.45,212.5,218.96,385832.23,8553969.468,49.9788,222.8871,214.8011,8.086,10.7824,-5.3927,219.878,14.1834,248.2448,191.5112,0.258,0.4838,18.95,14.187
2025-11-11,223.6,227.01,216.71,216.99,341924.9,7601312.659,52.7117,221.9799,214.9633,7.0166,10.0292,-6.0252,220.9275,13.0553,247.038,194.817,0.2364,0.4246,10.3,13.6687
2025-11-12,213.0,218.58,207.01,209.5,349523.08,7391713.965,51.1019,220.0599,214.5586,5.5013,9.1236,-7.2446,221.302,12.5829,246.4678,196.1362,0.2274,0.2655,11.57,13.3889
2025-11-13,212.0,230.45,211.88,227.5,626638.58,14161665.405,52.6943,221.2045,215.5172,5.6873,8.4364,-5.4981,222.2705,12.257,246.7844,197.7566,0.2206,0.6067,20.95,14.397
2025-11-14,216.0,216.49,205.78,205.78,548633.27,11531317.142,34.2484,218.8315,214.7959,4.0356,7.5562,-7.0412,222.499,11.8805,246.26,198.738,0.2136,0.1482,21.72,15.3734
2025-11-17,207.81,214.74,206.36,207.5,335060.74,7029315.417,33.0991,217.0882,214.2555,2.8327,6.6115,-7.5576,222.4565,11.9352,246.3268,198.5862,0.2146,0.1867,8.96,14.5183
2025-11-18,205.28,207.58,201.57,202.5,274378.46,5596610.403,33.3276,214.8439,213.3847,1.4592,5.581,-8.2438,221.631,12.7305,247.0921,196.1699,0.2298,0.1243,6.01,13.3839
2025-11-19,200.25,205.5,199.03,202.52,238818.63,4835263.416,36.1959,212.9479,212.5799,0.368,4.5384,-8.3409,221.2105,13.2316,247.6738,194.7472,0.2393,0.1469,6.47,12.462
2025-11-20,207.5,208.0,198.66,199.1,217605.35,4376548.543,39.3585,210.8174,211.5814,-0.764,3.478,-8.4838,220.8175,13.7824,248.3824,193.2526,0.2497,0.1061,9.34,12.0457
2025-11-21,189.0,190.57,182.51,182.51,404416.09,7512795.79,27.271,206.4625,209.428,-2.9655,2.1893,-10.3095,218.889,16.2257,251.3403,186.4377,0.2965,-0.0605,16.59,12.6516
2025-11-24,183.75,184.75,176.0,179.18,340499.49,6102558.863,27.7427,202.2652,207.1874,-4.9222,0.767,-11.3784,215.6885,17.447,250.5825,180.7945,0.3236,-0.0231,8.75,12.1314
2025-11-25,185.0,191.6,184.19,190.62,364021.47,6845489.696,37.1137,200.4736,205.9602,-5.4866,-0.4837,-10.0057,212.872,16.664,246.1999,179.5441,0.3131,0.1662,12.42,12.1699
2025-11-26,187.01,198.88,186.8,196.5,297685.3,5796501.768,35.3558,199.8623,205.2594,-5.3971,-1.4664,-7.8614,210.6395,15.6353,241.9101,179.3689,0.2969,0.2739,12.08,12.1579
2025-11-27,198.88,208.0,198.88,200.86,319731.75,6535638.163,40.2409,200.0158,204.9335,-4.9178,-2.1567,-5.5221,209.0825,14.9308,238.9442,179.2208,0.2856,0.3623,11.5,12.0702
2025-11-28,199.0,204.35,196.66,203.0,215652.25,4334514.87,42.2584,200.4749,204.7903,-4.3154,-2.5884,-3.454,208.2325,14.7595,237.7515,178.7135,0.2835,0.4114,7.69,11.4862
2025-12-01,204.04,215.45,201.2,212.82,382670.03,8001361.362,48.1204,202.3741,205.3851,-3.011,-2.6729,-0.676,207.3685,13.8923,235.1532,179.5838,0.268,0.5981,14.25,11.8547
2025-12-02,211.78,216.79,208.1,210.5,249243.69,5283394.789,50.4728,203.6243,205.764,-2.1397,-2.5663,0.8532,206.644,13.2898,233.2235,180.0645,0.2572,0.5725,8.69,11.4327
2025-12-03,210.42,210.99,206.19,207.6,170708.13,3550298.44,39.0249,204.2359,205.9,-1.6641,-2.3858,1.4436,206.1045,13.0038,232.112,180.097,0.2524,0.5288,4.8,10.5484
2025-12-04,206.0,212.98,201.99,210.41,247007.26,5130378.877,53.2265,205.1858,206.2341,-1.0483,-2.1183,2.1401,205.265,12.0793,229.4236,181.1064,0.2354,0.6065,10.99,10.6072
2025-12-05,210.92,211.0,205.5,206.81,169817.36,3517459.255,49.5314,205.4357,206.2767,-0.8411,-1.8629,2.0436,204.558,11.5135,227.585,181.531,0.2251,0.5489,5.5,9.9263
2025-12-08,208.62,216.97,207.53,213.89,311307.02,6624931.659,57.5221,206.7363,206.8407,-0.1043,-1.5112,2.8137,204.3045,11.2321,226.7687,181.8403,0.2199,0.7134,10.16,9.9574
2025-12-09,212.0,215.3,209.3,210.95,210585.96,4464451.196,55.3605,207.3846,207.1451,0.2395,-1.161,2.8011,204.0025,10.9507,225.904,182.101,0.2147,0.6586,6.0,9.4298
2025-12-10,209.09,210.2,203.5,208.84,191810.21,3972447.948,56.2985,207.6085,207.2706,0.3379,-0.8612,2.3983,203.9695,10.9343,225.8381,182.1009,0.2144,0.6114,7.45,9.1658
2025-12-11,211.88,213.0,207.5,207.81,188246.03,3953045.79,70.4825,207.6395,207.3106,0.3289,-0.6232,1.9043,202.985,9.496,221.9769,183.9931,0.1871,0.627,5.5,8.677
2025-12-12,206.0,214.44,204.01,209.89,215033.84,4488267.448,75.376,207.9857,207.5016,0.4841,-0.4018,1.7717,203.1905,9.6035,222.3975,183.9835,0.1891,0.6744,10.43,8.9108
2025-12-15,205.02,208.68,203.5,204.16,175069.42,3589589.515,62.354,207.3972,207.2541,0.143,-0.2928,0.8717,203.0235,9.5535,222.1305,183.9165,0.1882,0.5297,6.39,8.5747
2025-12-16,203.0,205.46,196.13,197.86,204824.72,4078991.501,51.2314,205.9299,206.5582,-0.6283,-0.3599,-0.5369,202.7915,9.623,222.0375,183.5455,0.1898,0.3719,9.33,8.6754
2025-12-17,197.01,202.87,195.95,202.18,190501.58,3802859.059,51.1961,205.353,206.2339,-0.8809,-0.4641,-0.8337,202.7745,9.6238,222.0221,183.5269,0.1898,0.4846,6.92,8.4413
2025-12-18,203.5,218.88,203.5,214.45,418524.71,8887246.199,58.7659,206.7525,206.8425,-0.09,-0.3893,0.5986,203.542,9.9228,223.3875,183.6965,0.195,0.7748,16.7,9.5425
2025-12-19,220.0,221.0,208.2,210.21,332394.8,7034876.943,47.8152,207.2844,207.092,0.1925,-0.2729,0.9308,204.927,8.6891,222.3053,187.5487,0.1696,0.652,12.8,9.9768
2025-12-22,213.51,219.5,213.51,216.46,253700.57,5485534.765,54.6811,208.6961,207.7859,0.9102,-0.0363,1.893,206.791,6.6298,220.0506,193.5314,0.1282,0.8646,9.29,9.8852
2025-12-23,216.99,221.33,215.0,217.38,254297.87,5543292.842,57.928,210.0321,208.4966,1.5355,0.278,2.5149,208.129,5.8488,219.8265,196.4315,0.1124,0.8954,6.33,9.4112
2025-12-24,220.0,225.0,216.2,224.1,298409.62,6590470.884,60.436,212.1964,209.6524,2.544,0.7312,3.6255,209.509,6.2057,221.9204,197.0976,0.1185,1.0878,8.8,9.3297
2025-12-25,223.0,228.83,217.33,222.0,259400.49,5752598.105,61.8505,213.7046,210.567,3.1376,1.2125,3.8502,210.566,6.4505,223.4671,197.6649,0.1225,0.9431,11.5,9.6191
2025-12-26,221.0,230.0,220.0,226.97,296631.27,6722806.56,60.5518,215.7454,211.7821,3.9634,1.7627,4.4014,211.7645,7.1587,226.0819,197.4471,0.1352,1.031,10.0,9.6699
2025-12-29,225.71,234.44,225.0,227.93,296019.01,6772169.788,64.15,217.62,212.9782,4.6418,2.3385,4.6066,212.52,8.0213,228.5626,196.4774,0.151,0.9803,9.44,9.6392
2025-12-30,226.0,229.54,219.1,220.22,271609.88,6063612.93,58.6738,218.02,213.5146,4.5054,2.7719,3.467,213.006,8.1853,229.3766,196.6354,0.1537,0.7203,10.44,9.746
2025-12-31,228.01,228.88,212.58,214.25,354571.19,7741087.427,54.5648,217.44,213.5691,3.8709,2.9917,1.7584,213.3385,8.0886,229.5157,197.1613,0.1517,0.5282,16.3,10.6199
2026-01-05,221.32,235.68,221.0,235.68,499283.82,11560778.68,64.3453,220.2461,215.2069,5.0392,3.4012,3.276,214.602,9.4639,233.5297,195.6743,0.1764,1.0568,21.43,12.0612
2026-01-06,238.0,253.33,234.0,250.78,507535.5,12310629.498,73.4838,224.9437,217.842,7.1017,4.1413,5.9208,216.8005,12.2543,241.3091,192.2919,0.2261,1.1932,19.33,13.0304
2026-01-07,270.0,273.77,256.78,262.5,545161.79,14443385.679,80.875,230.7216,221.15,9.5716,5.2273,8.6885,219.231,15.9192,251.0695,187.3925,0.2905,1.1795,22.99,14.3583
2026-01-08,259.0,267.0,256.91,258.75,314109.13,8210508.185,77.1684,235.0336,223.9352,11.0985,6.4016,9.3938,221.621,18.0554,257.7318,185.5102,0.3259,1.0141,10.09,13.7892
2026-01-09,254.55,254.55,244.32,250.05,395238.31,9873211.263,67.7044,237.3438,225.8696,11.4742,7.4161,8.1163,223.6815,18.8539,261.3892,185.9738,0.3372,0.8496,14.43,13.8747
2026-01-12,255.22,264.04,254.0,261.83,403813.07,10435793.484,73.8805,241.1109,228.5333,12.5776,8.4484,8.2584,226.3825,20.2762,266.935,185.83,0.3583,0.9371,13.99,13.89
2026-01-13,266.0,275.0,257.49,263.5,461517.76,12238674.369,72.7246,244.5554,231.1235,13.4319,9.4451,7.9737,229.063,21.4885,272.0401,186.0859,0.3752,0.9006,17.51,14.3727
2026-01-14,270.0,271.0,249.05,253.0,447321.34,11546200.174,65.7499,245.8546,232.7439,13.1106,10.1782,5.8648,231.505,21.2837,274.0725,188.9375,0.3677,0.7525,21.95,15.383
2026-01-15,249.61,257.55,248.2,254.96,283898.37,7180430.118,64.2448,247.2554,234.3896,12.8658,10.7157,4.3002,234.36,20.3419,275.0438,193.6762,0.3472,0.7532,9.35,14.5786
2026-01-16,260.03,280.46,257.5,280.46,553362.13,15020119.557,72.191,252.3638,237.8022,14.5616,11.4849,6.1534,238.274,21.3312,280.9363,195.6117,0.3581,0.9944,25.5,16.0348
2026-01-19,280.6,292.0,278.88,288.45,463229.95,13241198.626,72.8143,257.9155,241.5539,16.3616,12.4603,7.8028,241.974,23.3075,288.5891,195.3589,0.3853,0.9985,13.12,15.6462
2026-01-20,282.9,297.1,282.88,292.0,389782.32,11377429.957,73.327,263.1593,245.2906,17.8687,13.5419,8.6534,246.0635,24.5815,295.2265,196.9005,0.3996,0.9672,14.22,15.456
2026-01-21,295.0,314.8,293.01,307.65,404653.97,12395709.223,80.0922,270.004,249.9099,20.0942,14.8524,10.4836,250.623,27.1269,304.8768,196.3692,0.433,1.0256,22.8,16.4352
2026-01-22,320.0,320.02,296.7,301.47,450616.97,13710967.282,79.9766,274.8449,253.7291,21.1158,16.1051,10.0215,254.8275,28.1988,311.2251,198.4299,0.4426,0.9135,23.32,17.3532
2026-01-23,296.0,310.68,295.0,297.25,349379.69,10491781.699,74.0002,278.2919,256.9529,21.339,17.1519,8.3743,258.485,28.7422,315.9695,201.0005,0.4448,0.8372,15.68,17.1301
2026-01-26,300.0,308.0,290.5,292.6,272674.78,8059039.738,67.7474,280.4931,259.5934,20.8997,17.9014,5.9966,262.015,28.3583,318.7316,205.2984,0.4329,0.7696,17.5,17.1794
2026-01-27,290.0,312.42,286.67,307.26,380043.68,11465752.144,68.5326,284.6111,263.1243,21.4868,18.6185,5.7366,266.0295,28.8155,323.6605,208.3985,0.4333,0.8577,25.75,18.3222
2026-01-28,313.88,328.58,313.88,323.68,377179.92,12160363.682,74.3311,290.6217,267.6099,23.0118,19.4972,7.0293,270.817,30.0788,330.9745,210.6595,0.4443,0.9394,21.32,18.7219
2026-01-29,329.88,331.07,306.99,307.5,334245.81,10593801.175,70.3854,293.2184,270.5647,22.6537,20.1285,5.0504,275.181,28.6491,332.4791,217.8829,0.4164,0.782,24.08,19.4363
2026-01-30,315.0,320.88,308.01,314.88,376199.44,11864831.688,69.4308,296.5509,273.8473,22.7036,20.6435,4.1202,280.2125,26.1088,332.4301,227.9949,0.3727,0.832,13.38,18.6288
2026-02-02,300.8,306.09,283.39,283.39,416288.29,12094639.949,55.9791,294.5262,274.5542,19.972,20.5092,-1.0744,282.598,23.9131,330.4241,234.7719,0.3385,0.5083,31.49,20.3436
2026-02-03,294.01,296.6,285.2,292.57,302213.54,8812712.425,61.9902,294.2252,275.8887,18.3365,20.0747,-3.4763,284.6875,22.7857,330.2589,239.1161,0.3202,0.5865,13.21,19.3925
2026-02-04,285.99,289.5,279.0,282.33,270957.63,7646576.014,57.8972,292.3952,276.3658,16.0294,19.2656,-6.4725,285.679,22.1932,330.0654,241.2926,0.3107,0.4623,13.57,18.6161
2026-02-05,269.94,279.52,268.21,277.74,229053.52,6300761.896,49.1075,290.1405,276.4676,13.6729,18.1471,-8.9483,286.6285,21.3714,329.3714,243.8856,0.2982,0.396,14.12,18.0166
2026-02-06,271.0,280.51,268.2,276.17,186267.14,5136089.771,45.7934,287.9912,276.4456,11.5457,16.8268,-10.5623,287.9345,19.7555,327.4455,248.4235,0.2744,0.3511,12.31,17.2558
2026-02-09,283.97,294.44,280.2,292.98,283055.21,8148122.681,50.3078,288.7587,277.6703,11.0884,15.6791,-9.1814,289.492,18.7936,327.0793,251.9047,0.2597,0.5464,18.27,17.391
2026-02-10,287.13,291.5,284.17,289.9,215965.54,6225459.477,43.9482,288.9343,278.5762,10.3581,14.6149,-8.5137,290.812,17.7713,326.3545,255.2695,0.2444,0.4872,8.81,16.2469
2026-02-11,285.0,286.5,280.5,284.59,173415.5,4922177.744,44.2105,288.266,279.0217,9.2442,13.5408,-8.593,292.3915,15.4913,323.374,261.409,0.2119,0.3741,9.4,15.3339
2026-02-12,290.5,305.0,285.0,303.24,300674.34,8842653.413,51.8694,290.5697,280.8157,9.754,12.7834,-6.0588,294.8055,12.8956,320.5967,269.0143,0.175,0.6635,20.41,16.0108
2026-02-13,303.24,317.6,301.0,308.7,299253.71,9335277.999,54.9994,293.3589,282.8812,10.4778,12.3223,-3.689,296.2175,12.7878,321.7931,270.6419,0.1727,0.744,16.6,16.0893
2026-02-24,317.5,331.16,311.0,323.05,302545.4,9709224.737,54.9126,297.9268,285.8566,12.0702,12.2719,-0.4034,297.9475,13.9677,325.8828,270.0122,0.1875,0.9493,22.46,16.9387
2026-02-25,316.0,317.01,301.96,311.32,285728.01,8846026.25,46.039,299.9873,287.7428,12.2445,12.2664,-0.0438,298.9135,14.2008,327.3151,270.5119,0.19,0.7184,21.09,17.4922
2026-02-26,316.0,316.0,306.05,309.4,231052.85,7169784.208,50.6701,301.4354,289.347,12.0884,12.2308,-0.2848,299.001,14.2627,327.5265,270.4755,0.1908,0.6823,9.95,16.4866
2026-02-27,303.5,306.0,296.69,300.0,220968.92,6629753.921,44.8254,301.2146,290.1362,11.0784,12.0003,-1.8438,298.9275,14.2531,327.4338,270.4212,0.1907,0.5188,12.71,15.9831
2026-03-02,290.87,299.98,290.55,293.15,185132.28,5453801.345,54.096,299.9739,290.3594,9.6145,11.5231,-3.8173,298.7225,14.3079,327.3383,270.1067,0.1916,0.4026,9.45,15.112
2026-03-03,295.0,296.1,272.59,272.89,333293.65,9356849.949,42.4436,295.8071,289.0654,6.7417,10.5669,-7.6502,297.737,15.3897,328.5164,266.9576,0.2068,0.0964,23.51,16.2317
2026-03-04,272.89,290.0,272.89,279.07,326916.32,9250036.179,48.708,293.2322,288.325,4.9072,9.4349,-9.0555,296.3275,15.7581,327.8438,264.8112,0.2127,0.2262,17.11,16.3488
2026-03-05,288.16,289.88,280.23,282.8,255299.73,7288806.325,52.0192,291.6272,287.9157,3.7115,8.2902,-9.1575,294.2835,14.6347,323.553,265.014,0.1989,0.3038,10.81,15.6103
2026-03-06,277.9,288.88,277.56,284.99,208575.77,5931718.814,53.5022,290.6061,287.699,2.9071,7.2136,-8.613,293.158,14.4289,322.0159,264.3001,0.1969,0.3585,11.32,15.0383
2026-03-09,273.0,277.7,264.0,276.09,283545.65,7649552.153,42.8438,288.3729,286.8391,1.5338,6.0777,-9.0877,291.2185,13.9547,319.1279,263.3091,0.1917,0.229,20.99,15.8318
2026-03-10,284.1,286.5,281.18,285.44,233537.42,6640032.786,48.2057,287.9217,286.7354,1.1862,5.0994,-7.8263,291.321,13.9016,319.1241,263.5179,0.1909,0.3942,10.41,15.1089
2026-03-11,288.04,290.83,281.32,281.53,216498.69,6176121.565,48.7549,286.9383,286.3498,0.5885,4.1972,-7.2174,290.769,14.0676,318.9041,262.6339,0.1935,0.3358,9.51,14.3624
2026-03-12,279.83,283.83,272.43,274.78,172327.47,4768478.191,37.1779,285.0678,285.4928,-0.425,3.2727,-7.3955,290.3915,14.4032,319.198,261.585,0.1984,0.229,11.4,13.9674
2026-03-13,270.78,285.67,270.78,278.33,226137.49,6301123.525,36.0777,284.0312,284.9622,-0.931,2.432,-6.726,290.421,14.3765,319.1741,261.6679,0.198,0.2897,14.89,14.0904
2026-03-16,280.0,306.16,277.0,306.16,462735.64,13600507.644,43.1089,287.4357,286.5324,0.9032,2.1262,-2.4461,291.9205,14.3759,320.6723,263.1687,0.197,0.7476,29.16,16.0997
2026-03-17,306.5,313.0,295.88,296.0,390000.85,11825489.341,43.6684,288.7532,287.2337,1.5195,2.0049,-0.9708,292.0715,14.4035,320.8784,263.2646,0.1973,0.5682,17.12,16.2357
2026-03-18,305.1,313.68,302.0,311.25,420513.52,12995566.647,50.6887,292.2143,289.0127,3.2016,2.2442,1.9147,293.139,15.0123,323.1637,263.1143,0.2048,0.8016,17.68,16.4283
2026-03-19,300.0,309.71,297.0,303.68,312145.67,9443689.781,51.3889,293.9782,290.0992,3.879,2.5712,2.6157,294.0935,15.047,324.1876,263.9994,0.2047,0.6593,14.25,16.1379
2026-03-20,305.55,306.7,290.0,290.2,312536.44,9259119.964,48.9397,293.397,290.1067,3.2903,2.715,1.1506,293.4415,14.9118,323.265,263.618,0.2033,0.4457,16.7,16.2128
2026-03-23,277.0,282.88,271.0,273.35,282141.91,7806213.396,50.1695,290.3128,288.8654,1.4474,2.4615,-2.0282,291.674,15.1018,321.8776,261.4704,0.2071,0.1967,19.2,16.6111
2026-03-24,277.99,278.0,256.88,273.71,336914.68,8936300.507,47.9366,287.7585,287.7428,0.0157,1.9723,-3.9132,289.207,13.6685,316.544,261.87,0.189,0.2166,21.12,17.2123
2026-03-25,275.15,285.8,275.14,278.4,283762.75,7947975.811,48.3186,286.3188,287.0507,-0.732,1.4315,-4.3269,287.561,12.8214,313.2037,261.9183,0.1783,0.3214,12.09,16.5293
2026-03-26,268.0,268.7,260.0,262.0,350773.07,9217935.594,42.0751,282.5774,285.1951,-2.6177,0.6216,-6.4787,285.191,12.9522,311.0955,259.2865,0.1817,0.0524,18.4,16.7787
2026-03-27,248.98,260.18,240.25,258.66,289773.43,7291597.265,43.7522,278.8978,283.2296,-4.3318,-0.369,-7.9254,283.124,13.7393,310.6025,255.6455,0.1941,0.0549,21.75,17.4416
2026-03-30,252.0,259.54,250.03,255.85,214696.45,5470168.275,38.8718,275.352,281.2015,-5.8495,-1.4651,-8.7687,281.259,14.7975,310.8541,251.6639,0.2104,0.0707,9.51,16.384
2026-03-31,249.9,252.0,236.86,238.1,427623.34,10377669.656,35.2068,269.6209,278.0088,-8.3878,-2.8497,-11.0763,279.5195,17.6106,314.7406,244.2984,0.252,-0.088,18.99,16.7315
2026-04-01,250.0,256.1,243.7,255.0,387957.83,9693139.251,43.6982,267.3715,276.3044,-8.9329,-4.0663,-9.7331,278.316,18.4456,315.2072,241.4248,0.2651,0.184,18.0,16.9006
2026-04-02,257.86,259.8,245.6,246.99,252974.31,6367107.416,40.2912,264.2359,274.133,-9.897,-5.2324,-9.3292,276.5255,19.6839,315.8932,237.1578,0.2847,0.1249,14.2,16.5405
2026-04-03,250.99,254.6,247.5,249.1,197471.97,4948392.995,28.9726,261.9073,272.2787,-10.3713,-6.2602,-8.2222,274.731,20.491,315.713,233.749,0.2983,0.1873,7.61,15.3498
2026-04-07,253.1,255.96,248.81,249.66,198471.58,5011332.74,31.6228,260.0231,270.6032,-10.5801,-7.1242,-6.9118,273.4095,21.2374,315.8843,230.9347,0.3107,0.2204,7.15,14.2565
2026-04-08,250.11,256.96,243.08,255.96,753325.37,18866761.51,26.398,259.398,269.5185,-10.1205,-7.7235,-4.7941,271.9355,21.381,314.6976,229.1734,0.3145,0.3132,13.88,14.2063
2026-04-09,250.0,253.49,243.9,250.49,444682.57,11053684.068,26.8799,258.0276,268.109,-10.0815,-8.1951,-3.7728,270.3835,21.7709,313.9254,226.8416,0.3221,0.2716,12.06,13.9201
2026-04-10,255.49,268.32,255.24,265.09,534766.82,14080294.764,39.1907,259.1141,267.8854,-8.7713,-8.3103,-0.922,269.899,21.7758,313.4506,226.3474,0.3227,0.4448,17.83,14.4414
2026-04-13,261.0,269.84,260.9,262.14,412420.92,10896229.97,44.5183,259.5796,267.4598,-7.8802,-8.2243,0.6882,269.0895,21.7468,312.583,225.596,0.3233,0.4201,8.94,13.7079
2026-04-14,269.5,281.23,266.39,280.01,466205.21,12861207.284,52.6303,262.7227,268.3894,-5.6667,-7.7128,4.0921,267.782,20.1264,308.0348,227.5292,0.3006,0.6519,19.09,14.4255
2026-04-15,285.0,287.65,271.98,274.0,396972.6,11071707.52,48.183,264.4577,268.805,-4.3473,-7.0397,5.3847,266.682,19.0768,304.8356,228.5284,0.2861,0.5959,15.67,14.5915
2026-04-16,270.1,287.0,268.59,286.73,409336.72,11431621.262,60.5315,267.8842,270.1328,-2.2486,-6.0815,7.6657,265.456,16.7019,298.8598,232.0522,0.2517,0.8184,18.41,15.1006
2026-04-17,284.0,295.66,282.9,288.96,406321.12,11768331.454,63.0267,271.1266,271.5274,-0.4008,-4.9453,9.0891,264.72,15.1842,295.0885,234.3515,0.2294,0.8991,12.76,14.7885
2026-04-20,293.0,295.96,287.12,290.54,325642.8,9489709.816,65.0734,274.1133,272.9358,1.1776,-3.7207,9.7966,264.737,15.2144,295.1658,234.3082,0.2299,0.924,8.84,13.9954
2026-04-21,290.8,309.0,288.25,306.27,425834.06,12827436.178,80.1504,279.0605,275.405,3.6555,-2.2455,11.8021,266.383,17.7626,301.9083,230.8577,0.2667,1.0614,20.75,14.896
2026-04-22,303.5,314.58,302.51,313.98,341661.95,10559646.646,78.394,284.4327,278.2624,6.1704,-0.5623,13.4654,268.3965,20.6798,309.7561,227.0369,0.3082,1.0511,12.07,14.5192
2026-04-23,326.01,326.02,301.9,304.8,441997.3,13709630.158,77.5207,287.5662,280.2281,7.338,1.0178,12.6406,269.7165,22.1427,314.002,225.431,0.3284,0.8961,24.12,15.7993
2026-04-24,305.0,310.0,292.81,297.7,349105.37,10436275.525,72.0869,289.1252,281.5223,7.6029,2.3348,10.5362,271.5015,22.9135,317.3285,225.6745,0.3376,0.7858,17.19,15.9847
2026-04-27,301.59,309.58,297.75,303.42,316354.78,9594446.068,73.3374,291.3244,283.1444,8.18,3.5038,9.3524,273.7395,23.7633,321.2662,226.2128,0.3472,0.8123,11.88,15.4374
2026-04-28,305.0,319.33,302.02,307.5,367942.94,11421765.607,72.8134,293.813,284.9485,8.8645,4.576,8.577,276.322,24.5116,325.3453,227.2987,0.3548,0.818,17.31,15.6871
2026-04-29,303.01,311.66,297.0,308.89,419199.8,12787874.125,76.8185,296.1325,286.7219,9.4106,5.5429,7.7354,279.8615,23.8027,327.4669,232.2561,0.3402,0.8049,14.66,15.5502
2026-04-30,320.0,321.0,306.48,312.99,587965.14,18516847.87,74.3444,298.726,288.6677,10.0582,6.4459,7.2246,282.761,24.1443,331.0497,234.4723,0.3416,0.813,14.52,15.4128
2026-05-06,330.0,344.29,330.0,344.29,423425.5,14465204.492,82.4114,305.7358,292.7879,12.9479,7.7463,10.4032,287.626,26.2668,340.1596,235.0924,0.3653,1.0393,31.3,17.5311
2026-05-07,347.0,357.36,339.0,350.16,523878.82,18174549.786,80.5718,312.5703,297.0377,15.5326,9.3036,12.4581,292.679,28.1205,348.9201,236.4379,0.3843,1.011,18.36,17.6416
2026-05-08,341.0,343.3,331.8,334.1,440832.73,14821436.654,74.0824,315.8826,299.783,16.0995,10.6628,10.8735,296.901,27.6568,352.2146,241.5874,0.3726,0.8363,18.36,17.7374
2026-05-11,350.1,367.51,347.01,362.13,575079.07,20673848.905,76.9132,322.9976,304.4013,18.5962,12.2495,12.6935,302.2095,29.5119,361.2334,243.1856,0.3906,1.0076,33.41,19.8271
2026-05-12,362.14,362.2,349.2,353.55,405595.51,14360590.982,72.0549,327.6979,308.042,19.656,13.7308,11.8504,307.3625,28.9991,365.3607,249.3643,0.3774,0.8982,13.0,18.9168
2026-05-13,344.0,366.71,339.33,365.0,484982.84,17127399.574,73.8196,333.4367,312.2611,21.1756,15.2197,11.9118,312.358,29.9245,372.207,252.509,0.3832,0.9398,27.38,20.0452
2026-05-14,365.05,373.5,354.99,356.19,408364.64,14829461.848,66.7091,336.9372,315.5151,21.4221,16.4602,9.9238,317.0605,28.9929,375.0463,259.0747,0.3658,0.8374,18.51,19.8405
2026-05-15,353.0,384.0,345.48,375.34,624368.11,22792196.753,69.0772,342.8453,319.9466,22.8988,17.7479,10.3017,321.827,30.384,382.5949,261.0591,0.3776,0.9403,38.52,22.3311
2026-05-18,408.58,412.87,396.34,400.0,687984.34,27876373.984,76.9994,351.6384,325.8764,25.7619,19.3507,12.8224,328.127,32.9036,393.9342,262.3198,0.4011,1.0461,37.53,24.3576
2026-05-19,390.0,410.0,380.02,404.56,553101.11,21805396.34,80.7493,359.7802,331.7049,28.0753,21.0956,13.9593,334.0185,35.5442,405.1069,262.9301,0.4257,0.9962,29.98,25.1073
2026-05-20,408.0,445.02,407.8,445.02,610125.55,26523529.101,83.9568,372.894,340.0986,32.7954,23.4356,18.7196,341.8215,41.7245,425.2705,258.3725,0.4883,1.1183,40.46,27.1543
2026-05-21,445.02,464.83,427.33,431.9,632397.68,28199401.936,78.5924,381.9718,346.8987,35.0732,25.7631,18.6201,348.8895,44.4634,437.8164,259.9626,0.5098,0.9667,37.5,28.5337
2026-05-22,448.0,472.99,439.0,468.74,637968.89,28932072.443,81.5922,395.3208,355.924,39.3968,28.4898,21.8139,357.013,50.6748,458.3627,255.6633,0.5678,1.0512,41.09,30.2079
2026-05-25,478.11,515.61,461.0,515.6,593614.11,29387713.836,84.2536,413.8253,367.7518,46.0735,32.0066,28.1338,367.094,60.7221,488.5382,245.6498,0.6617,1.1114,54.61,33.4615
2026-05-26,510.0,538.02,491.2,526.22,643383.92,33017657.438,83.0698,431.1168,379.4902,51.6266,35.9306,31.392,378.165,68.4588,515.0826,241.2474,0.7241,1.0407,46.82,35.2427
2026-05-27,541.0,552.82,500.0,514.18,667260.41,35341222.581,79.1601,443.8957,389.4672,54.4285,39.6302,29.5967,388.989,72.0847,533.1583,244.8197,0.7413,0.9342,52.82,37.5863
2026-05-28,495.0,499.5,470.0,483.0,623792.2,30240489.779,75.1215,449.9118,396.3956,53.5162,42.4074,22.2177,397.968,72.0495,542.0669,253.8691,0.7242,0.795,44.18,38.4655
2026-05-29,492.66,496.0,464.91,467.01,558125.42,26715074.211,68.444,452.5423,401.6263,50.916,44.1091,13.6138,405.9435,70.3157,546.5748,265.3122,0.6929,0.7171,31.09,37.4821
2026-06-01,476.0,489.96,455.0,468.0,521586.48,24676174.086,70.679,454.9204,406.5428,48.3775,44.9628,6.8295,413.899,67.7097,549.3183,278.4797,0.6544,0.6998,34.96,37.1458
2026-06-02,471.0,480.66,448.11,474.69,490192.77,23013728.744,70.1658,457.9619,411.5908,46.3711,45.2444,2.2533,421.984,64.6093,551.2027,292.7653,0.6124,0.7039,32.55,36.533
2026-06-03,478.89,510.0,477.0,492.23,581929.78,28838934.89,74.2323,463.2339,417.5641,45.6698,45.3295,0.6806,429.381,63.7085,556.7981,301.9639,0.5935,0.7466,35.31,36.3699
2026-06-04,487.05,538.0,485.01,529.31,563350.88,29302244.793,75.7794,473.3994,425.8415,47.5579,45.7752,3.5654,438.3385,64.5722,567.4829,309.1941,0.5892,0.8522,52.99,38.586
2026-06-05,507.0,519.8,484.9,488.0,547135.42,27565110.091,63.9558,475.6457,430.4459,45.1998,45.6601,-0.9206,446.0335,60.5406,567.1148,324.9522,0.5429,0.6733,44.41,39.3625
2026-06-08,461.11,490.7,451.0,474.01,434474.74,20573934.017,60.6942,475.394,433.6728,41.7212,44.8723,-6.3023,451.6275,57.4709,566.5693,336.6857,0.509,0.5974,39.7,39.4075
2026-06-09,493.0,502.88,477.03,500.5,419683.33,20592669.384,58.9271,479.2565,438.623,40.6335,44.0246,-6.7821,458.975,53.5305,566.0361,351.9139,0.4665,0.6939,28.87,38.0025
2026-06-10,489.11,497.26,475.65,480.84,329972.1,15988381.63,57.7124,479.5001,441.7502,37.7499,42.7696,-10.0394,464.767,48.8934,562.5537,366.9803,0.4208,0.5822,24.85,36.2488
2026-06-11,480.52,486.0,471.0,483.5,296991.43,14211235.696,52.6069,480.1155,444.8428,35.2727,41.2703,-11.9951,471.1325,41.7841,554.7006,387.5644,0.3548,0.574,15.0,33.4157
2026-06-12,508.0,510.0,481.0,481.47,407085.44,20201561.53,42.838,480.3239,447.5559,32.768,39.5698,-13.6036,476.439,35.1985,546.836,406.042,0.2955,0.5357,29.0,32.8269
2026-06-15,494.97,519.0,476.66,518.0,475784.48,23934989.159,48.4442,486.1202,452.774,33.3462,38.3251,-9.9577,482.339,31.3955,545.1301,419.5479,0.2604,0.784,42.34,34.0953
2026-06-16,526.0,542.84,517.71,532.76,427785.07,22673887.613,53.4807,493.2955,458.6989,34.5967,37.5794,-5.9654,488.749,27.5288,543.8066,433.6914,0.2253,0.8997,25.13,32.8999
2026-06-17,521.0,586.04,521.0,586.04,568000.3,31598894.526,67.827,507.5639,468.1315,39.4324,37.95,2.9648,495.8,33.2121,562.2242,429.3758,0.2679,1.1793,65.04,37.1853
2026-06-18,594.0,644.64,586.6,629.0,591573.18,37016387.91,75.6338,526.2464,480.0477,46.1987,39.5997,13.1979,505.655,41.4694,588.5937,422.7163,0.328,1.2436,58.6,40.0406
2026-06-22,643.0,689.7,635.0,689.7,525830.95,34699907.688,79.5065,551.3931,495.5775,55.8156,42.8429,25.9454,516.703,57.4654,631.6338,401.7722,0.4449,1.2526,60.7,42.7952
2026-06-23,680.0,688.8,636.0,640.99,592913.79,39089605.51,69.9066,565.1772,506.3488,58.8284,46.04,25.5768,522.9725,63.8267,650.6259,395.3191,0.4882,0.9623,53.7,44.2491
2026-06-24,641.0,705.09,630.93,705.09,598219.31,39944848.281,72.9247,586.7023,521.0704,65.6319,49.9584,31.347,531.916,75.7279,683.3718,380.4602,0.5695,1.0717,74.16,48.2373
2026-06-25,740.0,775.39,735.0,775.21,508678.36,38432771.374,74.7235,615.7035,539.8955,75.8079,55.1283,41.3593,544.9675,93.028,731.0236,358.9114,0.6828,1.1187,70.3,51.179
2026-06-26,753.0,779.0,732.52,770.0,493925.62,37418302.893,80.5724,639.4414,556.9403,82.5011,60.6029,43.7965,559.3175,104.4059,768.1293,350.5057,0.7467,1.0045,46.48,50.5524
2026-06-29,779.0,846.66,750.0,840.0,541208.83,43149934.642,85.3812,670.2966,577.9077,92.3889,66.9601,50.8576,577.967,119.3,816.567,339.367,0.8257,1.0491,96.66,56.7001
2026-06-30,810.0,833.0,781.11,815.0,449646.79,36399346.133,80.4914,692.5586,595.4701,97.0885,72.9858,48.2056,595.317,127.4215,850.1601,340.4739,0.8562,0.931,58.89,56.9921
2026-07-01,803.0,843.38,753.0,772.01,539702.17,43202850.798,77.0077,704.7819,608.5471,96.2348,77.6356,37.1985,610.183,129.9268,870.0365,350.3295,0.8517,0.8114,90.38,61.4438
2026-07-02,721.0,731.99,694.81,694.81,452436.41,32120680.671,67.2192,703.2478,614.937,88.3108,79.7706,17.0804,620.312,128.1313,876.5747,364.0493,0.8262,0.6454,77.2,63.5446
2026-07-03,672.54,717.66,642.35,677.77,623522.15,42673730.269,65.6141,699.3281,619.5913,79.7369,79.7639,-0.054,627.735,126.8761,881.4871,373.9829,0.8085,0.5986,75.31,65.1134
